Palavra,Custo,Cliques,Impressões,Conversões,Principais consultas com a palavra
nutricionista,"R$ 30.475,08",7.498,117.516,"0,00","(nutricionista, nutricionista online, nutricionista esportivo)"
personal,"R$ 4.209,27",2.131,17.590,"0,00","(personal inteligente, personal trainer, personal trainer online)"
esportivo,"R$ 8.199,37",1.998,20.946,"0,00","(nutricionista esportivo, nutrologo esportivo, endocrino esportivo)"
online,"R$ 8.644,52",1.833,13.923,"0,00","(nutricionista online, personal trainer online, personal online)"
inteligente,"R$ 2.510,75",1.489,7.473,"0,00","(personal inteligente, nutri inteligente, personal inteligente online)"
personal trainer,"R$ 1.186,02",482,7.987,"0,00","(personal trainer, personal trainer online, consultoria online personal trainer)"
emagrecer,"R$ 650,56",474,6.283,"0,00","(como emagrecer rapido, dieta para emagrecer, dieta para emagrecer 10kg em 7 dias)"
de,"R$ 1.252,42",340,4.313,"0,00","(nutricionista juiz de fora, nutricionista esportivo rio de janeiro, nutricionista rio de janeiro)"
dieta,"R$ 420,07",252,3.256,"0,00","(dieta para emagrecer, dieta para emagrecer 10kg em 7 dias, consultoria treino e dieta)"
como emagrecer,"R$ 323,88",239,3.750,"0,00","(como emagrecer rapido, como emagrecer)"
belo horizonte,"R$ 849,18",204,2.017,"0,00","(nutricionista belo horizonte, nutricionista esportivo belo horizonte)"
rio,"R$ 855,44",201,2.774,"0,00","(nutricionista esportivo rio de janeiro, nutricionista rio de janeiro, nutricionista rio das ostras)"
grande,"R$ 624,37",200,2.001,"0,00","(nutricionista esportivo campo grande rj, nutricionista campo grande rj, nutricionista campina grande)"
salvador,"R$ 737,94",195,2.024,"0,00","(nutricionista salvador, nutricionista esportivo salvador, nutricionista em salvador)"
para emagrecer,"R$ 251,65",184,2.016,"0,00","(dieta para emagrecer, dieta para emagrecer 10kg em 7 dias)"
rapido,"R$ 237,58",178,2.739,"0,00",(como emagrecer rapido)
consultoria,"R$ 465,50",177,1.948,"0,00","(consultoria online personal, consultoria online personal trainer, consultoria esportiva)"
em,"R$ 309,64",176,1.564,"0,00","(dieta para emagrecer 10kg em 7 dias, emagrecer 10kg em 2 dias, nutricionista em salvador)"
calculator,"R$ 285,28",173,1.252,"0,00",(tdee calculator)
tdee,"R$ 285,28",173,1.252,"0,00",(tdee calculator)
fabricio moura,"R$ 531,60",173,1.247,"0,00","(fabricio moura nutrição e treinamento, fabricio moura)"
esportiva,"R$ 504,49",168,2.897,"0,00","(nutricionista esportiva, nutrição esportiva, consultoria esportiva)"
nutrição e,"R$ 424,55",163,2.053,"0,00","(fabricio moura nutrição e treinamento, nutrição esportiva)"
campo grande,"R$ 493,24",155,1.477,"0,00","(nutricionista esportivo campo grande rj, nutricionista campo grande rj, nutricionista campo grande ms)"
nutrologo,"R$ 583,37",155,3.173,"0,00","(nutrologo esportivo, nutrologo)"
curitiba,"R$ 631,63",155,1.632,"0,00","(nutricionista esportivo curitiba, nutricionista curitiba)"
fortaleza,"R$ 483,94",146,1.558,"0,00","(nutricionista esportivo fortaleza, nutricionista fortaleza)"
adaptwell,"R$ 435,23",143,812,"0,00",(adaptwell)
10kg em,"R$ 193,80",141,1.233,"0,00","(dieta para emagrecer 10kg em 7 dias, emagrecer 10kg em 2 dias)"
dias,"R$ 193,80",141,1.233,"0,00","(dieta para emagrecer 10kg em 7 dias, emagrecer 10kg em 2 dias)"
campinas,"R$ 570,13",141,1.892,"0,00","(nutricionista campinas, nutricionista esportivo campinas)"
juiz de,"R$ 434,65",127,1.259,"0,00","(nutricionista juiz de fora, nutricionista esportivo juiz de fora)"
de fora,"R$ 434,65",127,1.259,"0,00","(nutricionista juiz de fora, nutricionista esportivo juiz de fora)"
de janeiro,"R$ 563,95",123,1.765,"0,00","(nutricionista esportivo rio de janeiro, nutricionista rio de janeiro)"
grande rj,"R$ 375,51",117,914,"0,00","(nutricionista esportivo campo grande rj, nutricionista campo grande rj)"
maringa,"R$ 343,39",108,1.076,"0,00","(nutricionista maringa, nutricionista esportivo maringa)"
recife,"R$ 394,74",107,1.212,"0,00","(nutricionista recife, nutricionista esportivo recife)"
nutri,"R$ 290,41",106,1.585,"0,00","(nutri inteligente, nutri online)"
bh,"R$ 411,63",103,1.014,"0,00","(nutricionista bh, nutricionista esportivo bh)"
endocrino,"R$ 456,07",100,1.285,"0,00",(endocrino esportivo)
treinamento,"R$ 260,01",98,619,"0,00",(fabricio moura nutrição e treinamento)
londrina,"R$ 330,39",96,1.125,"0,00","(nutricionista esportivo londrina, nutricionista londrina)"
7,"R$ 118,77",90,716,"0,00",(dieta para emagrecer 10kg em 7 dias)
nova iguaçu,"R$ 361,80",89,906,"0,00","(nutricionista nova iguaçu, nutricionista esportivo nova iguaçu)"
das,"R$ 308,49",77,905,"0,00","(nutricionista rio das ostras, nutricionista mogi das cruzes)"
consulta,"R$ 270,52",77,1.824,"0,00","(consulta com nutricionista, consulta nutricionista)"
preto,"R$ 292,06",76,1.140,"0,00","(nutricionista ribeirão preto, nutricionista rio preto)"
paulo,"R$ 333,45",71,1.105,"0,00",(nutricionista são paulo)
são,"R$ 333,45",71,1.105,"0,00",(nutricionista são paulo)
seu,"R$ 294,01",62,942,"0,00",(defina seu)
defina,"R$ 294,01",62,942,"0,00",(defina seu)
betim,"R$ 248,07",58,632,"0,00",(nutricionista betim)
cuiaba,"R$ 180,89",55,631,"0,00",(nutricionista cuiaba)
galancho,"R$ 94,29",55,2.128,"0,00",(ismael galancho nutricionista)
ismael,"R$ 94,29",55,2.128,"0,00",(ismael galancho nutricionista)
jundiai,"R$ 187,30",54,864,"0,00",(nutricionista jundiai)
endocrinologista,"R$ 198,89",52,543,"0,00",(endocrinologista esportivo)
2,"R$ 75,03",51,517,"0,00",(emagrecer 10kg em 2 dias)
claros,"R$ 180,97",51,783,"0,00",(nutricionista montes claros)
montes,"R$ 180,97",51,783,"0,00",(nutricionista montes claros)
guarulhos,"R$ 253,90",50,642,"0,00",(nutricionista guarulhos)
sorocaba,"R$ 179,77",49,292,"0,00",(nutricionista esportivo sorocaba)
uberlandia,"R$ 204,23",47,882,"0,00",(nutricionista uberlandia)
joao,"R$ 141,12",46,514,"0,00",(nutricionista joao pessoa)
pessoa,"R$ 141,12",46,514,"0,00",(nutricionista joao pessoa)
teresina,"R$ 124,63",46,481,"0,00",(nutricionista teresina)
feira,"R$ 130,16",46,595,"0,00",(nutricionista feira de santana)
santana,"R$ 130,16",46,595,"0,00",(nutricionista feira de santana)
porto,"R$ 167,87",45,612,"0,00",(nutricionista porto alegre)
campina,"R$ 131,14",45,524,"0,00",(nutricionista campina grande)
alegre,"R$ 167,87",45,612,"0,00",(nutricionista porto alegre)
perto,"R$ 123,66",44,694,"0,00",(nutricionista perto de mim)
indaiatuba,"R$ 142,54",44,672,"0,00",(nutricionista indaiatuba)
maceio,"R$ 146,16",44,503,"0,00",(nutricionista maceio)
mim,"R$ 123,66",44,694,"0,00",(nutricionista perto de mim)
line,"R$ 232,64",44,247,"0,00",(nutricionista on line)
on,"R$ 232,64",44,247,"0,00",(nutricionista on line)
volta,"R$ 131,41",43,535,"0,00",(nutricionista volta redonda)
redonda,"R$ 131,41",43,535,"0,00",(nutricionista volta redonda)
pelotas,"R$ 115,52",42,628,"0,00",(nutricionista pelotas)
joinville,"R$ 160,19",42,607,"0,00",(nutricionista joinville)
goiania,"R$ 171,92",41,805,"0,00",(nutricionista goiania)
limeira,"R$ 139,37",41,509,"0,00",(nutricionista limeira)
com,"R$ 156,76",41,1.042,"0,00",(consulta com nutricionista)
ostras,"R$ 148,65",41,353,"0,00",(nutricionista rio das ostras)
medico,"R$ 165,35",41,413,"0,00",(medico esportivo)
nutricionistas,"R$ 137,66",40,602,"0,00",(nutricionistas)
ribeirão,"R$ 149,23",39,484,"0,00",(nutricionista ribeirão preto)
sete,"R$ 121,40",39,559,"0,00",(nutricionista sete lagoas)
lagoas,"R$ 121,40",39,559,"0,00",(nutricionista sete lagoas)
prudente,"R$ 127,11",38,653,"0,00",(nutricionista presidente prudente)
presidente,"R$ 127,11",38,653,"0,00",(nutricionista presidente prudente)
uberaba,"R$ 156,10",38,552,"0,00",(nutricionista uberaba)
ms,"R$ 117,73",38,563,"0,00",(nutricionista campo grande ms)
grossa,"R$ 124,28",37,377,"0,00",(nutricionista ponta grossa)
ponta,"R$ 124,28",37,377,"0,00",(nutricionista ponta grossa)
mogi,"R$ 159,84",36,552,"0,00",(nutricionista mogi das cruzes)
canoas,"R$ 133,53",36,356,"0,00",(nutricionista canoas)
cruzes,"R$ 159,84",36,552,"0,00",(nutricionista mogi das cruzes)
carlos,"R$ 136,25",36,603,"0,00",(nutricionista sao carlos)
sao,"R$ 136,25",36,603,"0,00",(nutricionista sao carlos)
osasco,"R$ 172,01",35,482,"0,00",(nutricionista osasco)
niteroi,"R$ 127,67",34,634,"0,00",(nutricionista niteroi)
treino,"R$ 110,74",34,189,"0,00",(consultoria treino e dieta)
