Pesquisar,Custo,Cliques,Impressões,Conversões
nutricionista,"R$ 6.891,43",1.882,52.433,"0,00"
personal inteligente,"R$ 2.330,42",1.382,6.090,"0,00"
nutricionista online,"R$ 6.812,91",1.299,9.350,"0,00"
nutricionista esportivo,"R$ 3.536,75",791,11.247,"0,00"
personal trainer,"R$ 572,23",270,6.266,"0,00"
como emagrecer rapido,"R$ 237,58",178,2.739,"0,00"
tdee calculator,"R$ 285,28",173,1.252,"0,00"
personal trainer online,"R$ 475,49",159,1.146,"0,00"
adaptwell,"R$ 435,23",143,812,"0,00"
nutricionista belo horizonte,"R$ 489,86",111,1.372,"0,00"
nutrologo esportivo,"R$ 412,46",102,1.124,"0,00"
endocrino esportivo,"R$ 456,07",100,1.285,"0,00"
nutricionista campinas,"R$ 428,61",100,1.425,"0,00"
personal online,"R$ 336,56",99,878,"0,00"
fabricio moura nutrição e treinamento,"R$ 260,01",98,619,"0,00"
nutricionista esportivo curitiba,"R$ 383,42",96,718,"0,00"
dieta para emagrecer,"R$ 132,88",94,1.300,"0,00"
nutricionista esportivo belo horizonte,"R$ 359,32",93,645,"0,00"
nutricionista juiz de fora,"R$ 319,05",92,1.089,"0,00"
nutricionista salvador,"R$ 371,10",91,1.103,"0,00"
dieta para emagrecer 10kg em 7 dias,"R$ 118,77",90,716,"0,00"
nutricionista esportivo online,"R$ 485,43",84,487,"0,00"
nutricionista esportivo fortaleza,"R$ 222,46",82,470,"0,00"
fabricio moura,"R$ 271,58",75,628,"0,00"
nutricionista são paulo,"R$ 333,45",71,1.105,"0,00"
personal,"R$ 149,48",71,1.596,"0,00"
nutricionista esportivo campo grande rj,"R$ 210,71",70,305,"0,00"
nutricionista esportivo salvador,"R$ 250,99",69,590,"0,00"
nutricionista esportiva,"R$ 251,34",67,1.072,"0,00"
nutrição esportiva,"R$ 164,54",65,1.434,"0,00"
nutri inteligente,"R$ 101,39",64,1.137,"0,00"
nutricionista fortaleza,"R$ 261,48",64,1.088,"0,00"
defina seu,"R$ 294,01",62,942,"0,00"
nutricionista esportivo rio de janeiro,"R$ 270,60",62,681,"0,00"
como emagrecer,"R$ 86,30",61,1.011,"0,00"
nutricionista rio de janeiro,"R$ 293,35",61,1.084,"0,00"
nutricionista curitiba,"R$ 248,21",59,914,"0,00"
nutricionista betim,"R$ 248,07",58,632,"0,00"
nutricionista maringa,"R$ 191,67",58,807,"0,00"
nutricionista bh,"R$ 219,84",56,686,"0,00"
ismael galancho nutricionista,"R$ 94,29",55,2.128,"0,00"
nutricionista cuiaba,"R$ 180,89",55,631,"0,00"
nutricionista nova iguaçu,"R$ 232,83",55,737,"0,00"
nutricionista recife,"R$ 214,70",55,858,"0,00"
consultoria online personal,"R$ 127,85",54,793,"0,00"
nutricionista jundiai,"R$ 187,30",54,864,"0,00"
consultoria online personal trainer,"R$ 138,31",53,575,"0,00"
nutrologo,"R$ 170,91",53,2.049,"0,00"
endocrinologista esportivo,"R$ 198,89",52,543,"0,00"
nutricionista esportivo recife,"R$ 180,04",52,354,"0,00"
emagrecer 10kg em 2 dias,"R$ 75,03",51,517,"0,00"
nutricionista montes claros,"R$ 180,97",51,783,"0,00"
nutricionista esportivo maringa,"R$ 151,71",50,269,"0,00"
nutricionista guarulhos,"R$ 253,90",50,642,"0,00"
nutricionista esportivo sorocaba,"R$ 179,77",49,292,"0,00"
nutricionista esportivo londrina,"R$ 157,53",48,389,"0,00"
nutricionista londrina,"R$ 172,86",48,736,"0,00"
nutricionista campo grande rj,"R$ 164,80",47,609,"0,00"
nutricionista esportivo bh,"R$ 191,79",47,328,"0,00"
nutricionista uberlandia,"R$ 204,23",47,882,"0,00"
nutricionista feira de santana,"R$ 130,16",46,595,"0,00"
nutricionista joao pessoa,"R$ 141,12",46,514,"0,00"
nutricionista teresina,"R$ 124,63",46,481,"0,00"
nutricionista campina grande,"R$ 131,14",45,524,"0,00"
nutricionista porto alegre,"R$ 167,87",45,612,"0,00"
nutricionista indaiatuba,"R$ 142,54",44,672,"0,00"
nutricionista maceio,"R$ 146,16",44,503,"0,00"
nutricionista on line,"R$ 232,64",44,247,"0,00"
nutricionista perto de mim,"R$ 123,66",44,694,"0,00"
nutricionista volta redonda,"R$ 131,41",43,535,"0,00"
personal inteligente online,"R$ 78,95",43,246,"0,00"
nutri online,"R$ 189,03",42,448,"0,00"
nutricionista joinville,"R$ 160,19",42,607,"0,00"
nutricionista pelotas,"R$ 115,52",42,628,"0,00"
consulta com nutricionista,"R$ 156,76",41,1.042,"0,00"
medico esportivo,"R$ 165,35",41,413,"0,00"
nutricionista esportivo campinas,"R$ 141,52",41,467,"0,00"
nutricionista goiania,"R$ 171,92",41,805,"0,00"
nutricionista limeira,"R$ 139,37",41,509,"0,00"
nutricionista rio das ostras,"R$ 148,65",41,353,"0,00"
nutricionistas,"R$ 137,66",40,602,"0,00"
nutricionista ribeirão preto,"R$ 149,23",39,484,"0,00"
nutricionista sete lagoas,"R$ 121,40",39,559,"0,00"
nutricionista campo grande ms,"R$ 117,73",38,563,"0,00"
nutricionista presidente prudente,"R$ 127,11",38,653,"0,00"
nutricionista uberaba,"R$ 156,10",38,552,"0,00"
nutricionista ponta grossa,"R$ 124,28",37,377,"0,00"
nutricionista rio preto,"R$ 142,84",37,656,"0,00"
consulta nutricionista,"R$ 113,76",36,782,"0,00"
consultoria esportiva,"R$ 88,60",36,391,"0,00"
nutricionista canoas,"R$ 133,53",36,356,"0,00"
nutricionista mogi das cruzes,"R$ 159,84",36,552,"0,00"
nutricionista sao carlos,"R$ 136,25",36,603,"0,00"
nutricionista em salvador,"R$ 115,85",35,331,"0,00"
nutricionista esportivo juiz de fora,"R$ 115,60",35,170,"0,00"
nutricionista osasco,"R$ 172,01",35,482,"0,00"
consultoria treino e dieta,"R$ 110,74",34,189,"0,00"
dieta,"R$ 57,68",34,1.051,"0,00"
nutricionista esportivo nova iguaçu,"R$ 128,97",34,169,"0,00"
nutricionista niteroi,"R$ 127,67",34,634,"0,00"
